Symbol,Name,Exchange,Last,Industry,SIC Description,Time,Previous,5D MA,20D MA,5D Avg Vol,20D Avg Vol,Volume,Prev Vol
AAME,Atlantic Amer Cp,NASDAQ,3.4,Insurance - Accident & Health,SIC-6311 Life Insurance,4/5/2022,3.22,3.2,2.73,15800,10580,37300,10800
ABEO,Abeona Therapeutics,NASDAQ,0.3411,Medical - Biomedical,N/A,4/5/2022,0.329,0.3229,0.3,4155620,2200865,7084600,1600500
ACHC,Acadia Healthcr Company,NASDAQ,67.02,Medical - Hospitals,"SIC-8093 Services-Specialty Outpatient Facilities, NE",4/5/2022,66.39,66.35,65.6,856000,607990,902500,673700
ACQR,Independence Holdings Corp Cl A,NASDAQ,9.79,Unclassified,SIC-6770 Blank Checks,4/5/2022,9.78,9.78,9.77,184840,164065,175300,110200
ACTD,Arclight Clean Transition Corp II Cl A,NASDAQ,9.94,Unclassified,SIC-4932 Gas & Other Services Combined,4/5/2022,9.92,9.92,9.9,262560,122160,227800,23700
ADC,Agree Realty Corp,NYSE,66.82,REIT - Equity Trust Retail,SIC-6798 Real Estate Investment Trusts,4/5/2022,66.66,66.47,64.99,978000,750620,582400,463500
ADP,Automatic Data Procs,NASDAQ,238,Outsourcing,SIC-7374 Services-Computer Processing & Data Preparat,4/5/2022,235.18,232.4,218.53,2270440,2072285,2519300,1962600
ADTX,Aditxt Inc,NASDAQ,0.465,Medical - Drugs,N/A,4/5/2022,0.4455,0.4468,0.4244,1262220,1177835,3312300,269900
AEE,Ameren Corp,NYSE,94.94,Utility - Electric Power,SIC-4931 Electric & Other Services Combined,4/5/2022,94.39,94.34,90.27,1388060,1377735,1409100,1019400
AENZ,Aenza S.A.A. ADR,NYSE,1.86,Building & Construction - Misc,SIC-1600 Heavy Construction Other Than Bldg Const - C,4/5/2022,1.76,1.736,1.7011,8140,5425,25000,5000
AFG,American Financial Group,NYSE,144.29,Insurance - Proprty & Casualty,"SIC-6331 Fire, Marine & Casualty Insurance",4/5/2022,143.84,145.94,143.36,336200,329555,428600,329400
AFI,Armstrong Flooring Inc,NYSE,1.7,Building Products - Wood,"SIC-3089 Plastics Products, NEC",4/5/2022,1.65,1.548,1.527,325480,275470,593900,378100
AGTI,Agiliti Inc,NYSE,21.8,Medical Services,SIC-7350 Services-Miscellaneous Equipment Rental & Le,4/5/2022,21.54,21.37,19.48,236740,192115,146000,124300
AIKI,AIkido Pharma Inc,NASDAQ,0.4688,Medical - Biomedical,N/A,4/5/2022,0.4545,0.4545,0.4319,2740360,1507125,11475700,323200
AKU,Akumin Inc,NASDAQ,1.12,Medical Services,N/A,4/5/2022,1.11,1.109,1.0216,88600,81005,43500,10000
ANY,Sphere 3D Corp,NASDAQ,2.53,IT Services,SIC-7374 Services-Computer Processing & Data Preparat,4/5/2022,2.17,2.24,2.03,15077000,7407410,54983301,9632400
APSG,Apollo Strategic Growth Capital Cl A,NYSE,9.95,Transportation - Services,SIC-4700 Transportation Services,4/5/2022,9.94,9.96,9.92,1273540,612705,1676000,296000
ARLP,Alliance Resource Pt,NASDAQ,15.55,Coal,SIC-1221 Bituminous Coal & Lignite Mining,4/5/2022,15.17,15.4,15.06,694420,658960,676000,532200
ASC,Ardmore Shipping Corp,NYSE,4.64,Transportation - Ship,SIC-4412 Deep Sea Foreign Transportation of Freight,4/5/2022,4.62,4.58,4.38,482600,240940,1907000,142900
ASRT,Assertio Therapeutics Inc,NASDAQ,3.15,Medical - Drugs,SIC-2834 Pharmaceutical Preparations,4/5/2022,3.1,2.94,2.7,1320140,999525,3298900,1424400
ATEX,Pdvwireless,NASDAQ,58.48,Communications Infrastructure,SIC-4813 Telephone Communications (No Radiotelephone),4/5/2022,58.29,58.35,57.67,74560,67930,84400,76400
ATHA,Athira Pharma Inc,NASDAQ,13.43,Medical - Biomedical,"SIC-2836 Biological Products, (No Disgnostic Substanc",4/5/2022,13.42,13.33,11.44,374180,307040,466100,307800
AUBN,Auburn Natl Bncp,NASDAQ,33.57,Banks - Southeast,SIC-6022 State Commercial Banks,4/5/2022,32.62,33.18,33.16,8340,6360,11400,5000
AUUD,Auddia Inc,NASDAQ,2.23,Technology Services,N/A,4/5/2022,2.22,2.19,1.92,1295220,463930,248800,88100
AWR,American States Water Company,NYSE,89.37,Utility - Water Supply,SIC-4941 Water Supply,4/5/2022,89.32,90.02,87.14,216740,185300,194100,182400
BBAI,Bigbear.Ai Holdings Inc,NYSE,10.34,IT Services,SIC-7372 Services-Prepackaged Software,4/5/2022,8.74,8.79,7.92,699460,514055,2104600,185900
BEEM,Beam Global,NASDAQ,25.37,Auto - Truck Original Parts,SIC-3674 Semiconductors & Related Devices,4/5/2022,23.3,21.87,17.2,453440,372790,552900,376800
BIO,Bio-Rad Laboratories,NYSE,574.85,Medical Products,SIC-3826 Laboratory Analytical Instruments,4/5/2022,569.55,571.75,566.14,212680,191420,273100,223900
BKI,Black Knight Inc,NYSE,66.27,Business Information,SIC-7372 Services-Prepackaged Software,4/5/2022,59.27,59.92,59,2357780,1644505,6976300,1456700
BLUA,Blueriver Acquisition Corp Cl A,NYSE,9.81,Unclassified,SIC-6770 Blank Checks,4/5/2022,9.8,9.8,9.78,88040,51830,100200,29800
BOAC,Bluescape Opportunities Acquisition Cl A,NYSE,9.87,Unclassified,N/A,4/5/2022,9.86,9.86,9.85,321340,153935,235100,48800
BR,Broadridge Financial Solutions Llc,NYSE,159.51,Outsourcing,"SIC-7389 Services-Business Services, NEC",4/5/2022,156.61,156.8,151.97,478180,457055,595700,351100
BRID,Bridgford Foods Cp,NASDAQ,11.14,Food - Misc & Diversified,SIC-2013 Sausages & Other Prepared Meat Products,4/5/2022,11.02,10.99,10.98,3860,2465,16300,600
BRTX,Biorestorative Therapies Inc,NASDAQ,5.85,Medical - Biomedical,"SIC-8090 Services-Misc Health & Allied Services, NEC",4/5/2022,5.5,5.4,4.64,76800,43170,177300,69200
BSX,Boston Scientific Corp,NYSE,44.35,Medical Products,SIC-3841 Surgical & Medical Instruments & Apparatus,4/5/2022,44.16,44.5,43.53,8852380,7894785,11425800,10642400
BTBD,Bt Brands Inc,NASDAQ,3.1,Retail - Restaurants,N/A,4/5/2022,2.47,2.63,2.3,250220,131940,1083400,38100
CARE,Carter Bankshares Inc,NASDAQ,17.62,Banks - Northeast,SIC-6021 National Commercial Banks,4/5/2022,17.54,17.48,16.83,130220,105440,140700,123200
CBZ,Cbiz Inc,NYSE,41.31,Consulting,"SIC-7389 Services-Business Services, NEC",4/5/2022,41.1,41.67,40.56,234820,180345,243200,233800
CCI,Crown Castle International Corp,NYSE,193.11,REIT - Equity Trust Other,SIC-6798 Real Estate Investment Trusts,4/5/2022,189.09,188.08,178.75,1791420,1704740,2250300,1216000
CCL,Carnival Corp,NYSE,20.22,Leisure & Recreation Services,SIC-4400 Water Transportation,4/5/2022,19.74,19.97,18.87,37764340,37310461,68213000,25645600
CCOI,Cogent Comm Hlds,NASDAQ,70.32,Wireless National,"SIC-4899 Communications Services, NEC",4/5/2022,68.94,67.82,64.38,331800,291850,371700,276600
CCSI,Consensus Cloud Solutions,NASDAQ,59.34,Internet - Software,SIC-7372 Services-Prepackaged Software,4/5/2022,57.86,59.52,58.92,88680,79860,126500,64800
CENQ,Cenaq Energy Corp Cl A,NASDAQ,10.02,Unclassified,N/A,4/5/2022,10.01,10,9.99,180800,79185,121500,101100
CHD,Church & Dwight Company,NYSE,100.9,Soap and Cleaning Products,"SIC-2840 Soap, Detergents, Cleaning Preparations, Per",4/5/2022,100.81,100.34,98.18,1213680,1136385,1077000,1044700
CHNG,Change Healthcare Inc,NASDAQ,23.73,Medical Information Systems,SIC-7374 Services-Computer Processing & Data Preparat,4/5/2022,22.1,22.26,21.83,5060420,2735290,14597800,4295400
CLEU,China Liberal Education Holdings Ltd,NASDAQ,1.63,Schools,SIC-8200 Services-Educational Services,4/5/2022,1.58,1.472,1.1739,1410060,716980,2084500,629100
CMPX,Compass Therapeutics Inc,NASDAQ,1.86,Medical - Biomedical,"SIC-2836 Biological Products, (No Disgnostic Substanc",4/5/2022,1.6,1.528,1.432,383680,209450,381300,120000
CNP,Centerpoint Energy Inc,NYSE,31.03,Utility - Electric Power,SIC-4911 Electric Services,4/5/2022,30.93,30.91,29.71,4725080,4513270,5203700,3435000
CNSP,Cns Pharmaceuticals Inc,NASDAQ,0.3797,Medical - Biomedical,N/A,4/5/2022,0.3311,0.3469,0.3282,1765820,1141965,7405800,410800
COGT,Cogent Biosciences Inc,NASDAQ,8.85,Medical - Biomedical,SIC-2834 Pharmaceutical Preparations,4/5/2022,8.29,8.01,6.97,483560,250925,526100,256900
COLL,Collegium Pharma,NASDAQ,20.08,Medical - Drugs,SIC-2834 Pharmaceutical Preparations,4/5/2022,19.24,19.87,19.07,417580,336385,587800,325400
CPUH,Compute Health Acquisition Corp Cl A,NYSE,9.8,Unclassified,SIC-6770 Blank Checks,4/5/2022,9.79,9.79,9.77,542460,520465,560800,241600
CRDL,Cardiol Therapeutics,NASDAQ,1.77,Medical - Drugs,"SIC-2836 Biological Products, (No Disgnostic Substanc",4/5/2022,1.51,1.544,1.4385,381180,216865,1190700,77300
CRMD,Cormedix Inc,NASDAQ,5.61,Medical - Biomedical,SIC-2834 Pharmaceutical Preparations,4/5/2022,5.59,5.62,5.31,456400,438905,344100,236900
CSR,Centerspace,NYSE,99.41,REIT - Equity Trust Resident,SIC-6798 Real Estate Investment Trusts,4/5/2022,99.37,99.39,98.69,89100,80725,99700,84300
CUE,Cue Biopharma Inc,NASDAQ,5.75,Medical - Biomedical,SIC-2834 Pharmaceutical Preparations,4/5/2022,5.49,5.2,5.09,847760,641640,802600,572800
CUTR,Cutera Inc,NASDAQ,71.74,Lasers - Systems & Components,SIC-3845 Electromedical & Electrotherapeutic Apparatu,4/5/2022,71.19,69.95,53.28,526380,418130,505100,386300
DCOM,Dime Community Bancshares Inc,NASDAQ,34.8,Banks - Southeast,SIC-6021 National Commercial Banks,4/5/2022,34.76,34.68,34.32,182760,156835,194300,147400
DDL,Dingdong [Cayman] Ltd ADR,NYSE,6.86,Internet Commerce,SIC-5961 Retail-Catalog & Mail-Order Houses,4/5/2022,4.7,4.53,4,11947680,4299480,48437500,8412800
DHT,Dht Holdings,NYSE,6,Transportation - Ship,SIC-4412 Deep Sea Foreign Transportation of Freight,4/5/2022,5.96,5.87,5.68,2715620,2579115,3526100,2607600
DICE,Dice Therapeutics Inc,NASDAQ,19.3,Medical - Biomedical,SIC-2834 Pharmaceutical Preparations,4/5/2022,18.43,18.99,18.55,491100,378045,193200,115700
DSP,Viant Technology Inc,NASDAQ,7.71,Technology Services,"SIC-7370 Services-Computer Programming, Data Processi",4/5/2022,7.19,6.9,6.73,364840,363070,1187000,319700
ENLV,Enlivex Therapeutics Ltd,NASDAQ,7.35,Medical - Drugs,SIC-2834 Pharmaceutical Preparations,4/5/2022,6.3,6.1,5.54,97920,45735,280900,113700
ENSC,Ensysce Biosciences Inc,NASDAQ,1.33,Medical - Biomedical,SIC-2834 Pharmaceutical Preparations,4/5/2022,1.12,1.152,1.1281,852200,478790,2614900,461200
ESSC,East Stone Acquisition Corp,NASDAQ,10.37,Technology Services,"SIC-7370 Services-Computer Programming, Data Processi",4/5/2022,10.33,10.34,10.33,190580,136970,220500,21500
ETR,Entergy Corp,NYSE,121.31,Utility - Electric Power,SIC-4911 Electric Services,4/5/2022,119.41,118.92,113.14,1315500,1151290,1589800,1231300
EVOL,Evolving Systems Inc,NASDAQ,1.98,Communication Network Software,SIC-7371 Services-Computer Programming Services,4/5/2022,1.875,1.865,1.8555,51580,29235,129100,47900
EXC,Exelon Corp,NASDAQ,47.8,Utility - Electric Power,SIC-4931 Electric & Other Services Combined,4/5/2022,47.34,47.53,44.99,7874180,7819570,8562500,6212700
EXLS,Exlservice Holdings,NASDAQ,149.19,Outsourcing,"SIC-7389 Services-Business Services, NEC",4/5/2022,144.72,145.31,137.08,324900,253790,451000,295900
EZPW,Ezcorp Inc,NASDAQ,6.36,Finance - Consumer Loans,SIC-5900 Retail-Miscellaneous Retail,4/5/2022,5.95,6.13,5.99,381420,312805,821900,245600
FBIO,Fortress Biotech Inc,NASDAQ,1.5,Medical - Biomedical,SIC-2834 Pharmaceutical Preparations,4/5/2022,1.44,1.422,1.399,650380,505090,693200,603200
FCUV,Focus Universal Inc,NASDAQ,14.53,Internet - Services,"SIC-3823 Industrial Instruments For Measurement, Disp",4/5/2022,14.07,13.88,12.41,61280,54315,77000,53800
FDS,Factset Research Systems Inc,NYSE,440.79,Business Information,"SIC-7370 Services-Computer Programming, Data Processi",4/5/2022,433.17,435.43,425.98,347060,331500,418300,382600
FIS,Fidelity National Information Services,NYSE,103.56,Financial Transaction Services,"SIC-7389 Services-Business Services, NEC",4/5/2022,103.26,102.33,96.61,3835980,3680835,3867900,3544000
FLNG,Flex Lng Ltd,NYSE,29.4,Transportation - Ship,SIC-4400 Water Transportation,4/5/2022,28.32,28.7,24.86,595200,517425,624900,523200
FLOW,SPX Flow Inc,NYSE,86.49,Machinery - Electrical,SIC-3540 Metalworking Machinery & Equipment,4/4/2022,86.31,86.32,86.13,1009960,865610,1709900,1085500
FLT,Fleetcor Technologies,NYSE,256.5,Financial Transaction Services,"SIC-7389 Services-Business Services, NEC",4/5/2022,253.84,251.84,241.28,515940,372745,662200,400900
FMAO,Farmers & Merch Banc,NASDAQ,36.39,Banks - Northeast,"SIC-6035 Savings Institution, Federally Chartered",4/5/2022,36.16,36.17,35.42,29360,22945,27900,23000
FNKO,Funko Inc Cl A,NASDAQ,18.05,Consumer Prdts - Misc Discr,"SIC-3944 Games, Toys & Childrens Vehicles (No Dolls)",4/5/2022,17.63,17.51,17.3,520480,473440,488700,299500
FOUN,Founder Spac Cl A,NASDAQ,10.05,Unclassified,N/A,4/5/2022,10.04,10.03,10.02,118060,44995,53100,700
FTRP,Field Trip Health Ltd,NASDAQ,1.27,Medical - Drugs,N/A,4/5/2022,1.25,1.328,1.3035,175360,159075,500300,163700
G,Genpact Ltd,NYSE,43.88,Outsourcing,SIC-8742 Services-Management Consulting Services,4/5/2022,43.45,43.66,43.28,1026120,873945,1728000,990900
GBT,Global Blood Ther,NASDAQ,37.39,Medical - Biomedical,SIC-2834 Pharmaceutical Preparations,4/5/2022,37.3,36.04,32.83,1035000,988810,1450000,1223900
GLPG,Galapagos NV ADR,NASDAQ,68.75,Medical - Biomedical,SIC-2834 Pharmaceutical Preparations,4/5/2022,66.99,65.43,62.78,468640,280960,700500,332100
GNRC,Generac Holdings Inc,NYSE,316.01,Electrical Power,SIC-3621 Motors & Generators,4/5/2022,315.43,308.15,307.86,701780,602975,1074800,557200
GPRK,Geopark Hlds Lmtd,NYSE,16.05,Oil - US Exploration & Product,SIC-1311 Crude Petroleum & Natural Gas,4/5/2022,15.66,15.35,14.66,440920,260800,792500,458500
GSAQ,Global Synergy Acquisition Corp,NASDAQ,9.95,Unclassified,SIC-6770 Blank Checks,4/5/2022,9.94,9.95,9.92,111760,54610,43800,14300
GTPB,Gores Technology Partners II Inc Cl A,NASDAQ,9.8,Unclassified,SIC-6770 Blank Checks,4/5/2022,9.76,9.77,9.76,1374080,535485,459500,29400
HBP,Huttig Bldg Products,NASDAQ,10.69,Building Prds Retail - Wsale,SIC-5030 Wholesale-Lumber & Other Construction Materi,4/5/2022,10.67,10.67,10,887220,666380,706600,431500
HLXA,Helix Acquisition Corp Cl A,NASDAQ,13.25,Unclassified,N/A,4/5/2022,11.05,11.15,10.24,179800,141395,554000,111900
HOLX,Hologic Inc,NASDAQ,77.66,Medical Instruments,SIC-3844 X-Ray Apparatus & Tubes & Related Irradiatio,4/5/2022,76.1,76.84,74.35,1908620,1506250,1841400,1746200
HQY,Healthequity,NASDAQ,67.21,Medical Services,"SIC-7389 Services-Business Services, NEC",4/5/2022,66.99,67.25,60.44,781480,769510,1073900,510200
HRL,Hormel Foods Corp,NYSE,52.27,Food - Meat Products,SIC-2011 Meat Packing Plants,4/5/2022,51.7,51.89,50.47,1769980,1740065,2204400,1468800
HSKA,Heska Corp,NASDAQ,144.69,Medical - Biomedical,SIC-2835 In Vitro & In Vivo Diagnostic Substances,4/5/2022,144.1,142.54,141.97,68080,63165,77000,68800
HTCR,Heartcore Enterprises Inc,NASDAQ,3.83,Internet Software Services,N/A,4/5/2022,3.36,3.27,2.79,851880,494385,771800,275200
HUMA,Humacyte Inc,NASDAQ,6.97,Medical - Biomedical,"SIC-2836 Biological Products, (No Disgnostic Substanc",4/5/2022,6.9,7.07,6.37,439460,395245,337600,329000
HURN,Huron Consulting,NASDAQ,48.25,Consulting,SIC-8742 Services-Management Consulting Services,4/5/2022,45.82,46.38,45.69,121960,107430,178600,116200
HWBK,Hawthorn Bancshares,NASDAQ,26.86,Banks - Northeast,SIC-6021 National Commercial Banks,4/5/2022,26.42,26.31,26.14,17660,7945,36600,3300
ICFI,Icf International,NASDAQ,98.25,Government Services,SIC-8742 Services-Management Consulting Services,4/5/2022,95.52,95.57,92.45,102200,82905,117100,109400
IIIV,I3 Verticals Inc Cl A,NASDAQ,29.64,Internet - Software,"SIC-7389 Services-Business Services, NEC",4/5/2022,28.8,28.5,26.61,188220,148470,439500,137800
IMCR,Immunocore Holdings Plc ADR,NASDAQ,35.12,Medical - Biomedical,"SIC-2836 Biological Products, (No Disgnostic Substanc",4/5/2022,34.35,32.02,28.53,227880,182105,327200,297300
INZY,Inozyme Pharma Inc,NASDAQ,5.96,Medical - Biomedical,SIC-2834 Pharmaceutical Preparations,4/5/2022,4.3,4.43,4.28,226860,119760,578000,324200
IPDN,Professional Diversity Network Inc,NASDAQ,1.06,Outsourcing,"SIC-7370 Services-Computer Programming, Data Processi",4/5/2022,1,1.03,0.9961,69020,35895,36200,10300
JAZZ,Jazz Pharma Plc,NASDAQ,162.88,Medical - Drugs,SIC-2834 Pharmaceutical Preparations,4/5/2022,160.73,159.12,157.75,516080,478460,738300,542900
JNJ,Johnson & Johnson,NYSE,177.61,Large Cap Pharma,SIC-2834 Pharmaceutical Preparations,4/5/2022,176.47,177.82,175.22,7720020,7450385,7446000,6860700
JOBS,51Job Inc ADR,NASDAQ,60.43,Publishing - Periodicals,SIC-7361 Services-Employment Agencies,4/5/2022,60.3,59.63,55.27,2357920,1099620,3209500,1608400
KBR,KBR Inc,NYSE,54.16,Engineering & R&D Services,SIC-1600 Heavy Construction Other Than Bldg Const - C,4/5/2022,54.02,54.38,53.89,2183740,1815645,3240000,1435800
KROS,Keros Therapeutics Inc,NASDAQ,63.27,Medical - Biomedical,SIC-2834 Pharmaceutical Preparations,4/5/2022,63.05,58.76,54.33,151700,147905,232400,172700
KSPN,Kaspien Holdings Inc,NASDAQ,9.5,Advertising Marketing Services,SIC-5735 Retail-Record & Prerecorded Tape Stores,4/5/2022,7.08,7.73,7.5,151320,44455,752500,500
LEAP,Ribbit Leap Ltd Cl A,NYSE,9.895,Unclassified,N/A,4/5/2022,9.88,9.88,9.87,138980,58385,182400,89200
LILM,Lilium N.V.,NASDAQ,5.14,Electronics Products - Misc,SIC-3721 Aircraft,4/5/2022,4.86,4.33,3.71,5499480,3964555,8326800,5521400
LJPC,LA Jolla Pharma,NASDAQ,4.71,Medical - Drugs,"SIC-2836 Biological Products, (No Disgnostic Substanc",4/5/2022,4.51,4.43,4.27,68500,65370,84400,34400
LOCC,Live Oak Crestview Climate Acquisition Cl A,NYSE,9.67,Unclassified,N/A,4/5/2022,9.66,9.67,9.64,21020,9440,15800,300
LPG,Dorian Lpg Ltd,NYSE,14.77,Transportation - Ship,SIC-4412 Deep Sea Foreign Transportation of Freight,4/5/2022,14.36,14.51,14.05,584560,521705,726500,550800
LPLA,Lpl Financial Holdings,NASDAQ,186.4,Finance - Investment Brokers,"SIC-6200 Security & Commodity Brokers, Dealers, Excha",4/5/2022,184.39,184.51,177.29,732720,629090,731900,722100
LVLU,Lulu's Fashion Lounge Holdings Inc,NASDAQ,9.35,Retail - Apparel & Shoes,N/A,4/5/2022,8.5,7.72,6.76,356760,185965,456400,248700
LVO,Liveone Inc,NASDAQ,0.9514,Audio & Video Products,N/A,4/5/2022,0.8861,0.8682,0.8047,785540,483745,1280500,387800
MBAC,M3-Brigade Acquisition II Corp Cl A,NYSE,9.81,Technology Services,"SIC-4899 Communications Services, NEC",4/5/2022,9.79,9.78,9.77,204100,100845,143400,31000
MDH,Mdh Acquisition Corp Cl A,NYSE,9.79,Unclassified,SIC-6770 Blank Checks,4/5/2022,9.77,9.78,9.76,990540,265395,4923800,16800
MGPI,MGP Ingredients Inc,NASDAQ,93.11,Food - Misc & Diversified,"SIC-5180 Wholesale-Beer, Wine & Distilled Alcoholic B",4/5/2022,88.76,88.5,83.91,117360,95835,250300,72900
MIC,Macquarie Infrastructure Hldgs Llc,NYSE,3.75,Conglomerates - Div Operations,SIC-5172 Wholesale-Petroleum & Petroleum Products (No,4/5/2022,3.74,3.75,3.72,1059980,872415,2335000,919400
MKC,Mccormick & Company,NYSE,102.79,Food - Misc & Diversified,SIC-2090 Miscellaneous Food Preparations & Kindred Pr,4/5/2022,101.35,100.62,98.05,1971820,1361955,2226300,1353400
MMI,Marcus & Millichap,NYSE,56.83,Real Estate Developers,SIC-6531 Real Estate Agents & Managers (For Others),4/5/2022,55.97,54.53,49.52,281540,170250,356600,215400
MORN,Morningstar Inc,NASDAQ,281.32,Business Information,SIC-6282 Investment Advice,4/5/2022,274.15,275.66,272.06,168180,140280,258500,157300
MPAC,Model Performance Acquisition Corp,NASDAQ,10.15,Unclassified,SIC-6770 Blank Checks,4/5/2022,10.13,10.12,10.09,31940,10490,35800,200
MRK,Merck & Company,NYSE,83.72,Large Cap Pharma,SIC-2834 Pharmaceutical Preparations,4/5/2022,83.49,83.04,80.22,10592200,10152335,12040900,9040000
MRUS,Merus N.V. CS,NASDAQ,29.16,Medical - Biomedical,SIC-2834 Pharmaceutical Preparations,4/5/2022,27.99,27.47,27.17,172260,105330,306400,157400
MSA,Msa Safety Inc,NYSE,136.97,Protection - Safety,"SIC-3842 Orthopedic, Prosthetic & Surgical Appliances",4/5/2022,136.47,135.94,134.61,89580,85360,84300,68100
MSP,Datto Holding Corp,NYSE,27.95,Internet - Software,SIC-7372 Services-Prepackaged Software,4/5/2022,27.65,27.16,25.48,722620,536650,1430700,831400
MVBF,Mvb Financial Corp,NASDAQ,43.09,Finance - Misc Services,SIC-6022 State Commercial Banks,4/5/2022,42.62,42.16,40.87,45000,29695,42200,27100
NAT,Nordic American Tanker Shipping Ltd,NYSE,2.38,Transportation - Ship,SIC-4400 Water Transportation,4/5/2022,2.21,2.19,1.99,5019320,3730190,8261200,4709100
NDRA,Endra Life Sciences Inc,NASDAQ,0.4364,Medical Instruments,N/A,4/5/2022,0.3942,0.4002,0.3958,466640,334230,564000,332600
NEU,Newmarket Corp,NYSE,325.03,Chemical - Specialty,SIC-2860 Industrial Organic Chemicals,4/5/2022,322.14,326.2,325.33,39860,37380,69500,39800
NGG,National Grid Transco Plc ADR,NYSE,78.63,Utility - Electric Power,SIC-4922 Natural Gas Transmission,4/5/2022,76.89,77.25,75.14,368900,365340,450500,318800
NNOX,Nano-X Imaging Ltd,NASDAQ,13.39,Technology Services,SIC-3844 X-Ray Apparatus & Tubes & Related Irradiatio,4/5/2022,12.12,11.3,9.92,2781800,1007785,5184700,1712200
NOMD,Nomad Foods Ltd,NYSE,23.36,Food - Misc & Diversified,SIC-2000 Food and Kindred Products,4/5/2022,23.01,22.92,21.35,2172480,1283610,1808300,1487300
NRGV,Energy Vault Hldgs Inc,NYSE,21.64,Other Alt Energy,"SIC-3690 Miscellaneous Electrical Machinery, Equipmen",4/5/2022,18.2,17.39,14.2,1679620,775245,2747900,1390300
NTZ,Natuzzi S.P.A. ADR,NYSE,12.6,Furniture,SIC-2510 Household Furniture,4/5/2022,12,11.88,11.82,14720,9105,13400,11700
NUVB,Nuvation Bio Inc,NYSE,5.75,Medical - Biomedical,SIC-2834 Pharmaceutical Preparations,4/5/2022,5.65,5.51,5.35,1231480,958710,3021500,475400
NVRO,Nevro Corp,NYSE,77.67,Medical Instruments,SIC-3841 Surgical & Medical Instruments & Apparatus,4/5/2022,76.13,74.89,68.87,559780,392685,925000,536300
NXTP,Nextplay Technologies Inc,NASDAQ,0.5563,Gaming,N/A,4/5/2022,0.5547,0.5489,0.5425,399740,377565,1356900,257000
OMAB,Grupo Aeroportuario ADR,NASDAQ,62.49,Transportation - Services,"SIC-4581 Airports, Flying Fields & Airport Terminal S",4/5/2022,61.71,60.72,57.12,98060,53185,161300,86700
OMEX,Odyssey Marine Expl,NASDAQ,7.12,Transportation - Ship,SIC-4400 Water Transportation,4/5/2022,6.85,6.73,6.26,80260,40650,277500,29400
ONCR,Oncorus Inc,NASDAQ,1.86,Medical - Biomedical,SIC-2834 Pharmaceutical Preparations,4/5/2022,1.78,1.798,1.7375,154520,144445,144000,136500
ORCC,Owl Rock Capital Corp,NYSE,14.77,Finance - Misc Services,N/A,4/5/2022,14.65,14.78,14.69,2944840,2610645,2784200,2664400
ORGS,Orgenesis Inc,NASDAQ,3.69,Medical - Biomedical,SIC-2834 Pharmaceutical Preparations,4/5/2022,3.35,3.45,3.26,129140,49575,144400,82300
OUST,Ouster Inc,NYSE,4.9,Electronics - Misc Components,"SIC-3569 General Industrial Machinery & Equipment, NE",4/5/2022,4.85,4.67,3.96,2778140,2349995,3227400,2058200
PAM,Pampa Energia S.A. ADR,NYSE,23.97,Utility - Electric Power,SIC-4911 Electric Services,4/5/2022,23.95,23.71,22.67,166100,147255,195300,168900
PBYI,Puma Biotechnology,NASDAQ,3.3,Medical - Biomedical,SIC-2834 Pharmaceutical Preparations,4/5/2022,3.18,3.04,2.94,554440,474410,447700,358600
PEN,Penumbra Inc,NYSE,222.48,Medical Instruments,SIC-3841 Surgical & Medical Instruments & Apparatus,4/5/2022,220.94,221.95,208.65,258260,218145,332700,220900
PFDR,Pathfinder Acquisition Corp Cl A,NASDAQ,9.8,Unclassified,SIC-7372 Services-Prepackaged Software,4/5/2022,9.79,9.79,9.77,69920,52700,25300,18700
PHX,Phx Minerals Inc,NYSE,3.05,Oil - US Integrated,SIC-1311 Crude Petroleum & Natural Gas,4/5/2022,2.97,3.02,2.84,242400,223885,252500,191800
PINC,Premier Inc Cl A,NASDAQ,35.48,Medical Services,SIC-8741 Services-Management Services,4/5/2022,35.29,35.9,35.75,632460,626275,703200,405900
PL,Planet Labs Pbc,NYSE,5.8,Internet - Software,SIC-3663 Radio & Tv Broadcasting & Communications Equ,4/5/2022,5.79,5.57,5.24,2745000,2567255,2484800,2475000
PLD,Prologis Inc,NYSE,166.28,REIT - Equity Trust Other,SIC-6798 Real Estate Investment Trusts,4/5/2022,163.78,164.3,157.82,2981340,2843375,3288900,2448100
POLY,Plantronics,NYSE,39.83,Communications Components,SIC-3661 Telephone & Telegraph Apparatus,4/5/2022,39.6,39.57,31.22,3386740,2768810,3680500,3207600
PSPC,Post Holdings Partnering Corp Series A,NYSE,9.71,Unclassified,SIC-6770 Blank Checks,4/5/2022,9.7,9.74,9.71,87340,25750,184100,600
PTIC,Proptech Investment Corp II Cl A,NASDAQ,9.83,Unclassified,SIC-6770 Blank Checks,4/5/2022,9.8,9.82,9.8,198500,67210,16900,400
QCRH,Qcr Holdings Inc,NASDAQ,57.04,Banks - Midwest,SIC-6022 State Commercial Banks,4/5/2022,57,56.87,56.33,162720,86230,109500,93100
RARE,Ultragenyx Pharmaceu,NASDAQ,80.7,Medical - Biomedical,SIC-2834 Pharmaceutical Preparations,4/5/2022,78.15,76.04,69.94,519560,414770,622100,529100
RCON,Recon Technology Ltd,NASDAQ,1.19,Oil Field Machinery & Equip,"SIC-1389 Oil & Gas Field Services, NEC",4/5/2022,1.07,1.094,1.0802,8850360,3027715,33240801,7534100
RDY,Dr. Reddy's Laboratories Ltd ADR,NYSE,56.67,Medical - Generic Drugs,SIC-2834 Pharmaceutical Preparations,4/5/2022,56.45,56.26,53.96,426220,262755,270800,235300
RJF,Raymond James Financial,NYSE,108.72,Finance - Investment Brokers,"SIC-6211 Security Brokers, Dealers & Flotation Compan",4/5/2022,107.86,109.48,105.38,1292280,1114445,1596500,950000
ROCL,Roth Ch Acquisition V Co.,NASDAQ,9.87,Unclassified,N/A,4/5/2022,9.86,9.88,9.87,101200,36955,503000,600
ROSE,Rose Hill Acquisition Corp Cl A,NASDAQ,10.03,Unclassified,N/A,4/4/2022,10.01,10.01,9.99,100820,76580,371700,103500
SAVE,Spirit Airlines Inc,NYSE,26.92,Transportation - Airline,"SIC-4512 Air Transportation, Scheduled",4/5/2022,21.99,22.96,21.76,5230160,4926275,13226500,2439500
SBFM,Sunshine Biopharma,NASDAQ,5.61,Medical - Biomedical,SIC-8731 Services-Commercial Physical & Biological Re,4/5/2022,2.26,3,2.99,31158338,11988000,155062891,133500
SCI,Service Corp International,NYSE,66.52,Funeral Services & Related,SIC-7200 Services-Personal Services,4/5/2022,65.55,66.19,64.12,1004900,936330,897400,817700
SCKT,Socket Mobile,NASDAQ,4.02,Computers - Peripheral Equpt,SIC-3571 Electronic Computers,4/5/2022,3.99,4.02,3.83,38560,27115,26900,14600
SGLY,Singularity Future Technology Ltd,NASDAQ,17,Technology Services,SIC-4731 Arrangement of Transportation of Freight & C,4/5/2022,14.97,14.26,10.59,1413780,1089895,1826100,1595500
SHEN,Shenandoah Telecom,NASDAQ,24.08,Diversified Comm Services,SIC-4813 Telephone Communications (No Radiotelephone),4/5/2022,23.93,23.84,22.38,295500,283300,330400,261000
SLHG,Skylight Health Group Inc,NASDAQ,1.22,Medical Services,SIC-8011 Services-Offices & Clinics of Doctors of Med,4/5/2022,1.19,1.144,1.1114,187860,111550,297000,57400
SNPX,Synaptogenix Inc,NASDAQ,7.41,Medical - Biomedical,SIC-2834 Pharmaceutical Preparations,4/5/2022,7.3,7.47,6.89,46320,45205,89200,10100
SNY,Sanofi-Aventis S.A. ADR,NASDAQ,52.9,Large Cap Pharma,SIC-2834 Pharmaceutical Preparations,4/5/2022,52.55,52.12,51.68,1974060,1820965,2511000,1772900
SO,Southern Company,NYSE,74.35,Utility - Electric Power,SIC-4911 Electric Services,4/5/2022,73.12,73.32,70.15,5414080,5062515,6729800,4660900
SST,System1 Inc,NYSE,20.31,Advertising Marketing Services,"SIC-7370 Services-Computer Programming, Data Processi",4/5/2022,16.51,16.34,15.71,7375640,2483950,32507300,2010700
STRC,Sarcos Technologies and Robotics Corp,NASDAQ,7.04,Industrial Services,"SIC-3569 General Industrial Machinery & Equipment, NE",4/5/2022,6.97,6.75,6.3,180720,170735,144900,129300
SUI,Sun Communities,NYSE,179.41,REIT - Equity Trust Resident,SIC-6798 Real Estate Investment Trusts,4/5/2022,178.59,178.51,176.8,729720,696675,928300,550400
SUNS,Slr Senior Investment Corp,NASDAQ,14.16,Finance - SBIC & Commercial,N/A,4/1/2022,14.08,14.03,13.76,37900,34280,33700,29300
SUPN,Supernus Pharm,NASDAQ,32.18,Medical - Generic Drugs,SIC-2834 Pharmaceutical Preparations,4/5/2022,31.89,32.19,31.54,443580,334000,475300,348900
SWAG,Software Acquisition Group Inc III Cl A,NASDAQ,10.01,Unclassified,N/A,4/5/2022,9.99,9.99,9.98,123000,92140,156300,111600
TEVA,Teva Pharmaceutical Industries Ltd ADR,NYSE,9.97,Medical - Generic Drugs,SIC-2834 Pharmaceutical Preparations,4/5/2022,9.89,9.6,8.38,13266740,8763740,14978200,12763500
TFFP,Tff Pharmaceuticals Inc,NASDAQ,7,Medical - Biomedical,SIC-2834 Pharmaceutical Preparations,4/5/2022,6.96,6.63,6.41,166660,127915,312700,156800
THCA,Tuscan Holdings Corp II,NASDAQ,12.71,Unclassified,SIC-6770 Blank Checks,4/5/2022,11.36,11.47,10.54,2216060,576180,3871500,1035500
TNDM,Tandem Diabetes Care,NASDAQ,120.72,Medical Instruments,SIC-3841 Surgical & Medical Instruments & Apparatus,4/5/2022,119.34,118.82,112.27,523880,472000,941500,553600
TRNO,Terreno Realty Corp,NYSE,76.32,REIT - Equity Trust Other,SIC-6500 Real Estate,4/5/2022,75.73,75.52,72.24,412240,356505,501700,258300
TSRI,T S R Inc,NASDAQ,10.1,Computer - Services,SIC-7371 Services-Computer Programming Services,4/5/2022,9.44,9.48,9.17,15840,6535,54000,3900
TT,Trane Technologies Plc,NYSE,154.75,Technology Services,SIC-3822 Auto Controls For Regulating Residential & C,4/5/2022,153.95,154.97,154.57,1636080,1462175,2070000,786500
TW,Tradeweb Markets Inc,NASDAQ,91.02,Finance - Investment Brokers,"SIC-6200 Security & Commodity Brokers, Dealers, Excha",4/5/2022,88.84,88.89,87.61,1119920,733215,1578200,457800
ULCC,Frontier Group Holdings Inc,NASDAQ,11.92,Transportation - Airline,"SIC-4512 Air Transportation, Scheduled",4/5/2022,11.47,11.52,11.22,3055860,2441575,8540700,1498000
UNH,Unitedhealth Group Inc,NYSE,517.76,Medical - HMO,SIC-6324 Hospital & Medical Service Plans,4/5/2022,510.02,514.23,504.74,3058280,3005450,3268600,2658000
VELO,Velocity Acquisition Corp Cl A,NASDAQ,9.78,Unclassified,SIC-5961 Retail-Catalog & Mail-Order Houses,4/5/2022,9.77,9.76,9.75,17600,11635,25400,19200
VIRT,Virtu Financial Cm A,NASDAQ,38.09,Finance - Misc Services,"SIC-6211 Security Brokers, Dealers & Flotation Compan",4/5/2022,37.4,37.67,35.86,1456100,1168475,1851200,1248800
VLAT,Valor Latitude Acquisition Corp Cl A,NASDAQ,9.75,Unclassified,N/A,4/5/2022,9.73,9.74,9.71,26320,18035,78100,33800
VNCE,Vince Holding Corp,NYSE,8.51,Textile - Apparel,SIC-5600 Retail-Apparel & Accessory Stores,4/5/2022,8.5,8.32,7.85,12680,9445,20400,9500
VRS,Verso Corp,NYSE,26.99,Paper & Related Products,N/A,3/30/2022,26.95,26.96,26.84,565140,466345,1394500,615100
VRTX,Vertex Pharmaceutic,NASDAQ,269.96,Medical - Biomedical,SIC-2834 Pharmaceutical Preparations,4/5/2022,268.64,264.45,252.29,1815920,1521820,1837900,1686100
VST,Vistra Energy Corp,NYSE,23.58,Utility - Electric Power,SIC-4911 Electric Services,4/5/2022,23.33,23.34,22.69,4745020,3881435,6805200,3590300
VWTR,Vidler Water Resources Inc,NASDAQ,16.35,Utility - Water Supply,SIC-6500 Real Estate,4/5/2022,16.19,15.75,13.39,214100,83970,262000,177100
WEL,Integrated Wellness Acquisition Cl A,NYSE,9.97,Unclassified,N/A,4/4/2022,9.95,9.96,9.95,180000,55510,619600,5300
WETF,Wisdomtree Investments Inc,NASDAQ,5.9,Finance - Investment Brokers,"SIC-6211 Security Brokers, Dealers & Flotation Compan",4/5/2022,5.86,5.84,5.55,1159240,864700,1595400,739100
WEX,Wex Inc,NYSE,175.17,Financial Transaction Services,"SIC-7389 Services-Business Services, NEC",4/5/2022,174.48,174.93,172.61,423940,398745,487000,388300
WKSP,Worksport Ltd,NASDAQ,3.25,Retail - Wsale Auto & Trucks,SIC-3714 Motor Vehicle Parts & Accessories,4/5/2022,2.86,2.75,2.37,217700,120390,624700,115800
WLK,Westlake Corp,NYSE,121.73,Chemical - Plastics,SIC-2860 Industrial Organic Chemicals,4/5/2022,121.46,123,122.2,689700,635175,1144700,649000
WQGA,World Quantum Growth Acquisition Corp Cl A,NYSE,9.9101,Unclassified,N/A,4/5/2022,9.89,9.9,9.88,38520,35720,10400,5100
WRB,W.R. Berkley Corp,NYSE,66.42,Insurance - Proprty & Casualty,"SIC-6331 Fire, Marine & Casualty Insurance",4/5/2022,65.96,66.67,64.8,1543640,1434368,1409100,1306100
WTRG,Essential Utilities Inc,NYSE,51.58,Utility - Water Supply,SIC-4941 Water Supply,4/5/2022,51.19,51.7,49.1,1219820,1056890,1101800,739900
XENE,Xenon Pharmaceuticals Inc,NASDAQ,35.16,Medical - Biomedical,SIC-2834 Pharmaceutical Preparations,4/5/2022,34.15,32.47,30.7,473740,465270,1036700,546300
